selected,correct_milk
1-2-3-4,4
1-2-3-5,3
1-2-3-6,3
1-2-3-7,3
1-2-3-8,3
1-2-4-5,3
1-2-4-6,3
1-2-4-7,3
1-2-4-8,3
1-2-5-6,2
1-2-5-7,2
1-2-5-8,2
1-2-6-7,2
1-2-6-8,2
1-2-7-8,2
1-3-4-5,3
1-3-4-6,3
1-3-4-7,3
1-3-4-8,3
1-3-5-6,2
1-3-5-7,2
1-3-5-8,2
1-3-6-7,2
1-3-6-8,2
1-3-7-8,2
1-4-5-6,2
1-4-5-7,2
1-4-5-8,2
1-4-6-7,2
1-4-6-8,2
1-4-7-8,2
1-5-6-7,1
1-5-6-8,1
1-5-7-8,1
1-6-7-8,1
2-3-4-5,3
2-3-4-6,3
2-3-4-7,3
2-3-4-8,3
2-3-5-6,2
2-3-5-7,2
2-3-5-8,2
2-3-6-7,2
2-3-6-8,2
2-3-7-8,2
2-4-5-6,2
2-4-5-7,2
2-4-5-8,2
2-4-6-7,2
2-4-6-8,2
2-4-7-8,2
2-5-6-7,1
2-5-6-8,1
2-5-7-8,1
2-6-7-8,1
3-4-5-6,2
3-4-5-7,2
3-4-5-8,2
3-4-6-7,2
3-4-6-8,2
3-4-7-8,2
3-5-6-7,1
3-5-6-8,1
3-5-7-8,1
3-6-7-8,1
4-5-6-7,1
4-5-6-8,1
4-5-7-8,1
4-6-7-8,1
5-6-7-8,0
